Coverged local optima,Time(s)
48.0,7.373424768447876
41.0,6.566608190536499
35.0,6.006985664367676
35.0,6.032878875732422
35.0,5.9518961906433105
35.0,5.906394958496094
34.0,5.985164165496826
34.0,5.922191858291626
34.0,5.878444194793701
34.0,5.98213791847229
34.0,5.874093532562256
34.0,6.248155355453491
31.0,5.954136371612549
31.0,6.002925157546997
31.0,6.237306833267212
31.0,5.9890336990356445
31.0,6.4639081954956055
31.0,5.874266624450684
31.0,5.931150913238525
18.0,5.860301733016968
18.0,6.034655332565308
18.0,7.208418130874634
18.0,5.971186637878418
18.0,5.980054616928101
18.0,6.506747245788574
18.0,6.487473249435425
18.0,6.506613731384277
18.0,6.408923387527466
18.0,6.622377634048462
18.0,6.336071491241455
18.0,6.384938955307007
18.0,5.900414228439331
18.0,6.030921697616577
18.0,6.02481746673584
18.0,5.914233684539795
18.0,6.102694749832153
18.0,5.99711012840271
18.0,5.958137512207031
18.0,5.867361307144165
18.0,6.559976100921631
18.0,6.513670921325684
18.0,6.8078086376190186
18.0,6.504616022109985
18.0,6.417848587036133
18.0,6.383940696716309
18.0,6.552575349807739
18.0,6.395068168640137
18.0,6.721237897872925
18.0,6.461827993392944
18.0,6.4547576904296875
18.0,6.3781445026397705
18.0,6.205416679382324
18.0,6.312876224517822
18.0,6.362999677658081
18.0,6.672809600830078
18.0,6.440755367279053
18.0,6.577647686004639
18.0,6.455086946487427
18.0,6.574004650115967
18.0,6.605010032653809
18.0,6.534522533416748
18.0,6.619234085083008
18.0,5.856424570083618
18.0,5.993022680282593
13.0,6.076799154281616
13.0,6.405287981033325
13.0,6.178309917449951
13.0,5.8455421924591064
13.0,5.859647989273071
13.0,5.962332248687744
13.0,6.53964638710022
13.0,6.4997663497924805
13.0,6.646387577056885
13.0,6.363102197647095
13.0,6.47872519493103
13.0,6.4607367515563965
13.0,6.566485643386841
13.0,6.4537880420684814
13.0,6.4652769565582275
13.0,6.65436315536499
13.0,6.536665916442871
13.0,6.437352895736694
13.0,6.5271995067596436
13.0,6.372027635574341
13.0,6.384660005569458
13.0,6.319271087646484
13.0,6.51564621925354
13.0,6.391919136047363
13.0,6.514552354812622
13.0,6.6837852001190186
13.0,6.6183178424835205
13.0,6.457867622375488
13.0,6.401076078414917
13.0,6.409869432449341
13.0,6.508608341217041
13.0,6.592376232147217
13.0,6.444777965545654
13.0,6.868184328079224
13.0,6.313292741775513
13.0,8.361506462097168
13.0,7.627718210220337
13.0,6.74718976020813
13.0,6.707402944564819
13.0,6.329132795333862
13.0,6.724254131317139
13.0,6.713915824890137
13.0,6.728436231613159
13.0,8.11585545539856
13.0,7.115321636199951
13.0,7.172485113143921
13.0,7.1158447265625
13.0,8.582181453704834
13.0,6.750106334686279
13.0,6.601899862289429
13.0,7.001255512237549
13.0,6.432813405990601
13.0,6.803842306137085
13.0,6.636382579803467
13.0,6.444076299667358
13.0,6.320167303085327
13.0,7.036283493041992
13.0,7.547586679458618
13.0,6.134783744812012
13.0,6.807153224945068
13.0,6.613409042358398
13.0,6.7510504722595215
13.0,6.297323942184448
13.0,9.173060894012451
13.0,6.168922185897827
13.0,6.026031017303467
13.0,5.9818809032440186
13.0,5.919951677322388
13.0,6.058466911315918
13.0,6.172713756561279
13.0,6.170745611190796
13.0,6.027641296386719
13.0,6.104617357254028
13.0,6.8625123500823975
13.0,6.602898836135864
13.0,6.390286922454834
13.0,6.5289506912231445
13.0,6.449918270111084
13.0,6.54719614982605
13.0,6.552273273468018
13.0,7.624613285064697
13.0,6.630021095275879
13.0,6.685314655303955
13.0,6.643696308135986
13.0,6.729039430618286
13.0,6.500401973724365
13.0,6.617401599884033
13.0,6.821339130401611
13.0,6.628025531768799
13.0,6.482515811920166
13.0,6.800553321838379
13.0,6.74846339225769
13.0,6.664907217025757
13.0,6.19396448135376
13.0,6.099080562591553
13.0,6.103994131088257
13.0,6.107084274291992
13.0,6.283714532852173
13.0,6.218782186508179
13.0,6.071250915527344
13.0,6.08562445640564
13.0,6.8528220653533936
13.0,6.470378875732422
13.0,6.481987953186035
13.0,6.472621202468872
13.0,6.475981712341309
13.0,6.523762226104736
13.0,6.489381313323975
13.0,6.595512628555298
13.0,6.603004455566406
13.0,6.631077527999878
13.0,6.984921216964722
13.0,6.568678855895996
13.0,6.665926218032837
13.0,6.603792190551758
13.0,6.644779682159424
13.0,6.604344844818115
13.0,6.859165668487549
13.0,6.600320339202881
13.0,6.6793482303619385
13.0,6.64028263092041
13.0,6.700332403182983
13.0,6.405007839202881
13.0,6.77623438835144
13.0,6.716285467147827
13.0,6.518963098526001
13.0,6.8308258056640625
13.0,6.701328754425049
13.0,6.739996433258057
13.0,6.615260601043701
13.0,6.782611846923828
13.0,6.7168357372283936
13.0,6.586727857589722
13.0,6.6785569190979
13.0,6.637521028518677
13.0,6.799414157867432
13.0,6.531360149383545
13.0,6.576407194137573
13.0,6.801501274108887
13.0,6.735132932662964
13.0,6.984405040740967
13.0,7.3163886070251465
13.0,7.020276308059692
13.0,7.115581512451172
13.0,7.128336191177368
13.0,7.123510837554932
13.0,7.079383134841919
13.0,7.0097336769104
13.0,6.905797958374023
13.0,6.873941421508789
13.0,6.959049940109253
13.0,6.923551797866821
13.0,6.937300443649292
13.0,6.985206842422485
13.0,7.051984071731567
13.0,7.184653043746948
13.0,6.91124153137207
7.0,7.171165466308594
7.0,7.129014015197754
7.0,6.945019960403442
7.0,7.156766414642334
7.0,7.4903199672698975
7.0,7.360669374465942
7.0,6.837886095046997
7.0,7.408356189727783
7.0,7.416060447692871
7.0,7.368459701538086
7.0,7.278578042984009
7.0,7.087844610214233
7.0,7.259349822998047
7.0,7.611647605895996
7.0,7.003498554229736
7.0,6.780174970626831
7.0,6.396910905838013
7.0,6.800421953201294
7.0,6.889923334121704
7.0,7.336827278137207
7.0,7.064904689788818
7.0,7.214829683303833
7.0,7.56480598449707
7.0,7.012502193450928
7.0,6.884934186935425
7.0,7.043209552764893
7.0,6.991879940032959
7.0,6.873342752456665
7.0,6.967392921447754
7.0,8.084727048873901
7.0,7.022909164428711
7.0,6.9540605545043945
7.0,6.85070013999939
7.0,7.078277349472046
7.0,6.946161270141602
7.0,7.020598888397217
7.0,6.883984804153442
7.0,7.093323230743408
7.0,6.965064287185669
7.0,7.049168825149536
7.0,6.866177558898926
7.0,6.94787073135376
7.0,6.189834117889404
7.0,6.2878077030181885
7.0,6.1749107837677
7.0,6.084524631500244
7.0,6.3259313106536865
7.0,6.17978835105896
7.0,6.12277364730835
7.0,5.9756693840026855
7.0,6.0421013832092285
7.0,6.572000026702881
7.0,6.615482330322266
7.0,6.604194164276123
7.0,6.579684495925903
7.0,6.759935140609741
7.0,6.784358263015747
7.0,6.86001443862915
7.0,6.642004728317261
7.0,6.683263063430786
7.0,6.83699369430542
7.0,6.896671533584595
7.0,6.673171758651733
7.0,6.694296360015869
7.0,7.148435354232788
7.0,6.686473608016968
7.0,6.852907419204712
7.0,6.616934299468994
7.0,6.7609734535217285
7.0,6.600298881530762
7.0,6.710954427719116
7.0,9.528663635253906
7.0,9.255391359329224
7.0,10.193068742752075
7.0,8.599929809570312
7.0,8.131009578704834
7.0,8.654871940612793
7.0,8.00671935081482
7.0,8.333188533782959
7.0,8.589133501052856
7.0,8.26302695274353
7.0,8.319636821746826
7.0,8.557183265686035
7.0,8.186103105545044
7.0,8.121920824050903
7.0,8.549177169799805
7.0,8.365042686462402
7.0,8.441767930984497
7.0,8.578986883163452
7.0,7.9900829792022705
7.0,8.43434476852417
7.0,8.693126201629639
7.0,8.338634967803955
7.0,8.902106761932373
7.0,8.564470291137695
7.0,8.504507303237915
7.0,8.36413288116455
7.0,8.187610626220703
7.0,8.308876276016235
7.0,8.385298252105713
7.0,8.71700382232666
7.0,11.310081481933594
7.0,9.04188871383667
7.0,8.487796306610107
7.0,8.229423761367798
7.0,8.012310266494751
7.0,8.22854495048523
7.0,8.573287963867188
7.0,8.082226037979126
7.0,8.143054485321045
7.0,7.906062126159668
7.0,8.10959792137146
7.0,8.4441499710083
7.0,8.66226077079773
7.0,8.241151332855225
7.0,7.855244159698486
7.0,8.417376279830933
7.0,8.430045366287231
7.0,7.942480087280273
7.0,7.787398099899292
7.0,9.43787932395935
7.0,8.712223291397095
7.0,8.499048948287964
7.0,8.655070543289185
7.0,10.79808783531189
7.0,9.053668737411499
7.0,8.389447689056396
7.0,8.463905334472656
7.0,10.527113199234009
7.0,8.285175800323486
7.0,8.665986061096191
7.0,8.473387241363525
7.0,8.249879598617554
7.0,8.001049280166626
7.0,8.595389604568481
7.0,8.399215698242188
7.0,8.242714643478394
7.0,8.481900453567505
7.0,8.462505578994751
7.0,8.285785675048828
7.0,8.65899395942688
7.0,8.304260730743408
7.0,8.040512084960938
7.0,8.617309808731079
7.0,8.065204620361328
7.0,8.32197904586792
7.0,9.043320417404175
7.0,8.773926496505737
7.0,8.299495697021484
7.0,8.601818561553955
7.0,8.787399291992188
7.0,8.05536437034607
7.0,8.31207537651062
7.0,8.666545391082764
7.0,8.520073175430298
7.0,8.491682529449463
7.0,7.959233045578003
7.0,8.151621103286743
7.0,8.654201030731201
7.0,8.497997045516968
7.0,8.461852550506592
7.0,8.329548835754395
7.0,8.402809381484985
7.0,8.646569728851318
7.0,8.73809289932251
7.0,8.451688051223755
7.0,8.190274238586426
7.0,8.115054368972778
7.0,8.158692359924316
7.0,8.877583265304565
7.0,8.515346050262451
7.0,8.223844051361084
7.0,8.091037273406982
7.0,8.690644264221191
7.0,8.742269039154053
7.0,8.722172737121582
7.0,8.27088189125061
7.0,8.32193112373352
7.0,8.745065212249756
7.0,8.275877475738525
7.0,8.19395899772644
7.0,8.150794982910156
7.0,8.137531757354736
7.0,8.161442279815674
7.0,8.570383787155151
7.0,8.827176809310913
7.0,8.493134260177612
7.0,8.638748168945312
7.0,8.585334300994873
7.0,8.182908058166504
7.0,8.189836502075195
7.0,8.586744546890259
7.0,8.081364393234253
7.0,8.03811502456665
7.0,8.655590057373047
7.0,8.18220567703247
7.0,8.481319904327393
7.0,8.032596111297607
7.0,8.204508781433105
7.0,8.455198526382446
7.0,8.709208488464355
7.0,8.795092821121216
7.0,8.043172121047974
7.0,8.604186534881592
7.0,7.961827993392944
7.0,8.681634902954102
7.0,8.749008178710938
7.0,8.548582315444946
7.0,8.240671634674072
7.0,8.205848455429077
7.0,8.567366361618042
7.0,8.219888925552368
7.0,8.757143497467041
7.0,8.723109722137451
7.0,8.292501211166382
7.0,8.89305591583252
7.0,8.545199871063232
7.0,8.277128219604492
7.0,8.133026123046875
7.0,8.108450412750244
7.0,8.59128189086914
7.0,8.650681018829346
7.0,8.566151142120361
7.0,8.24126672744751
7.0,9.594909191131592
7.0,11.231149673461914
7.0,9.939999103546143
7.0,10.212872505187988
7.0,14.273671388626099
7.0,9.053617477416992
7.0,9.59570574760437
7.0,9.036787748336792
7.0,9.477041244506836
7.0,14.899907112121582
7.0,12.483150005340576
7.0,9.27168321609497
7.0,13.568933010101318
7.0,12.694962501525879
7.0,9.639508485794067
7.0,11.033332347869873
7.0,9.262978792190552
7.0,11.83433222770691
7.0,11.126636505126953
7.0,8.5531485080719
7.0,8.768397808074951
7.0,9.154517650604248
7.0,9.499662637710571
7.0,9.195448398590088
7.0,8.828202962875366
7.0,8.388125896453857
7.0,11.038567543029785
7.0,12.65418791770935
7.0,12.22115159034729
7.0,11.586028575897217
7.0,13.12391448020935
7.0,11.575810194015503
7.0,12.860007524490356
7.0,9.376043319702148
7.0,12.66008710861206
7.0,8.885915517807007
7.0,8.627793312072754
7.0,10.876978158950806
7.0,8.293007850646973
7.0,11.603553295135498
7.0,8.289687395095825
7.0,8.869374513626099
7.0,8.4600248336792
7.0,8.394099235534668
7.0,8.644160270690918
7.0,8.603348016738892
7.0,8.265825510025024
7.0,8.76706600189209
7.0,8.727895975112915
7.0,8.39907169342041
7.0,8.33465838432312
7.0,8.343147039413452
7.0,8.216235637664795
7.0,8.146864175796509
7.0,8.761376142501831
7.0,8.809980869293213
7.0,8.360984563827515
7.0,7.984010696411133
7.0,8.944051742553711
7.0,8.937479734420776
7.0,8.296074390411377
7.0,8.634740352630615
7.0,8.589993238449097
7.0,8.403919219970703
7.0,8.867175579071045
7.0,8.565614223480225
7.0,8.179089069366455
7.0,8.270287275314331
7.0,8.528672218322754
7.0,8.246009588241577
7.0,8.62086296081543
7.0,8.298157453536987
7.0,8.113525152206421
7.0,8.740720272064209
7.0,8.547316074371338
7.0,8.610101699829102
7.0,8.4882071018219
7.0,8.251288414001465
7.0,8.473164319992065
7.0,8.363837003707886
7.0,8.208332538604736
7.0,9.305093050003052
7.0,8.801849842071533
7.0,8.267001628875732
7.0,7.959345102310181
7.0,8.540256977081299
7.0,8.654118299484253
7.0,8.552674055099487
7.0,8.11098027229309
7.0,8.94674563407898
7.0,8.760611295700073
7.0,8.891024827957153
7.0,9.118135452270508
7.0,8.286010026931763
7.0,8.699074745178223
7.0,8.642240047454834
7.0,8.727258920669556
7.0,8.719698667526245
7.0,8.624029874801636
7.0,8.657386779785156
7.0,8.699502944946289
7.0,9.054311990737915
7.0,8.746888637542725
7.0,8.366960525512695
7.0,9.388404607772827
7.0,12.430744886398315
7.0,11.790322542190552
7.0,9.070353746414185
7.0,11.300260305404663
7.0,8.947097778320312
7.0,11.199054956436157
7.0,11.791551113128662
7.0,9.030437469482422
7.0,9.427226781845093
7.0,9.521071434020996
7.0,8.714620590209961
7.0,9.94395899772644
7.0,7.043680667877197
7.0,8.10597848892212
7.0,7.755287170410156
7.0,7.767744779586792
7.0,7.908911228179932
7.0,7.856341361999512
7.0,8.463925838470459
7.0,7.743194341659546
7.0,8.590750455856323
7.0,7.959830284118652
7.0,8.55192232131958
7.0,8.128344297409058
7.0,9.886130809783936
7.0,7.474942922592163
7.0,7.613231897354126
7.0,7.315227746963501
7.0,7.34148097038269
7.0,7.445468902587891
7.0,7.515971422195435
7.0,7.64564061164856
7.0,7.4783806800842285
7.0,7.540306568145752
7.0,7.666416168212891
7.0,7.394894361495972
7.0,7.587054014205933
7.0,7.386096954345703
7.0,7.5388712882995605
7.0,7.735241889953613
7.0,7.406432628631592
7.0,7.686926364898682
7.0,7.567992448806763
7.0,7.510972738265991
7.0,7.401215553283691
7.0,7.488195896148682
7.0,7.55398154258728
7.0,8.280996561050415
7.0,7.426891565322876
7.0,7.594690322875977
7.0,7.566264867782593
7.0,7.523289203643799
7.0,7.592210531234741
7.0,7.518320798873901
7.0,7.448212146759033
7.0,7.491985559463501
7.0,7.563531398773193
7.0,7.442044019699097
7.0,7.645456790924072
7.0,7.932501316070557
7.0,9.267274856567383
7.0,7.275057077407837
7.0,7.452507495880127
7.0,7.702378273010254
7.0,7.738339424133301
7.0,7.392654180526733
7.0,7.4204652309417725
7.0,7.515840291976929
7.0,7.409458637237549
7.0,7.427795171737671
7.0,7.379127740859985
7.0,7.425482273101807
7.0,7.306520462036133
7.0,7.432155132293701
7.0,7.772021293640137
7.0,7.566151142120361
7.0,7.681163549423218
7.0,7.640759706497192
7.0,7.537397623062134
7.0,7.534135580062866
7.0,7.565981149673462
7.0,7.618680238723755
7.0,7.589698791503906
7.0,7.670633554458618
7.0,7.502532482147217
7.0,7.866548538208008
7.0,7.505080461502075
7.0,7.594965696334839
7.0,7.424992561340332
7.0,7.342870235443115
7.0,7.432774066925049
7.0,7.585602283477783
7.0,7.5971574783325195
7.0,7.379549741744995
7.0,7.5858070850372314
7.0,7.611070394515991
7.0,7.434095144271851
7.0,7.446798324584961
7.0,7.437672853469849
7.0,7.542916774749756
7.0,7.461907148361206
7.0,7.240928649902344
7.0,7.243773937225342
7.0,7.528697490692139
7.0,7.508963584899902
7.0,7.543968200683594
7.0,7.4577624797821045
7.0,7.420182466506958
7.0,7.429327964782715
7.0,7.355633497238159
7.0,7.443923473358154
7.0,7.466936826705933
7.0,7.488558530807495
7.0,7.567604064941406
7.0,7.402363300323486
7.0,7.57430100440979
7.0,7.502829074859619
7.0,7.4571826457977295
7.0,7.535513401031494
7.0,7.297362327575684
7.0,7.253285884857178
7.0,7.420217514038086
7.0,7.575978755950928
7.0,7.371209144592285
7.0,7.592318296432495
7.0,7.504489183425903
7.0,7.389401912689209
7.0,7.522606611251831
7.0,7.58260440826416
7.0,7.53887939453125
7.0,7.336900472640991
7.0,7.288081645965576
7.0,7.4839441776275635
7.0,7.335047245025635
7.0,7.506692886352539
7.0,7.608048677444458
7.0,7.459662437438965
7.0,8.455492973327637
7.0,7.3594114780426025
7.0,7.4319703578948975
7.0,7.421652555465698
7.0,7.371143579483032
7.0,7.565738916397095
7.0,7.466169118881226
7.0,7.464033365249634
7.0,7.6098854541778564
7.0,7.354290723800659
7.0,7.6246936321258545
7.0,7.365297079086304
7.0,7.535386562347412
7.0,7.5791590213775635
7.0,7.489075660705566
7.0,7.351843595504761
7.0,7.514564752578735
7.0,7.487047910690308
7.0,6.052045822143555
7.0,6.600238561630249
7.0,6.4832987785339355
7.0,6.4716668128967285
7.0,6.560981273651123
7.0,6.550618886947632
7.0,6.762844085693359
7.0,6.559465408325195
7.0,6.525406360626221
7.0,6.851682424545288
7.0,6.7258501052856445
7.0,6.748063325881958
7.0,6.444111108779907
7.0,6.080505847930908
7.0,6.146217107772827
7.0,6.068219184875488
7.0,6.186035394668579
7.0,7.456858396530151
7.0,6.16895055770874
7.0,6.271073818206787
7.0,6.77501916885376
7.0,6.7071428298950195
7.0,6.464972257614136
7.0,6.75413179397583
7.0,6.6581432819366455
7.0,6.5324249267578125
7.0,6.747638702392578
7.0,6.59575629234314
7.0,6.7383034229278564
7.0,6.521692514419556
7.0,6.64086127281189
7.0,6.534191131591797
7.0,6.835259675979614
7.0,6.727746248245239
7.0,6.591614246368408
7.0,6.572876930236816
7.0,6.772385120391846
7.0,6.722048997879028
7.0,6.615243434906006
7.0,6.692584037780762
7.0,6.757981777191162
7.0,6.856460809707642
7.0,6.691844940185547
7.0,6.588676452636719
7.0,6.656617879867554
7.0,6.7821409702301025
7.0,7.028062343597412
7.0,6.496413707733154
7.0,6.738393545150757
7.0,6.655494689941406
7.0,7.149806976318359
7.0,6.6424925327301025
7.0,6.765923976898193
7.0,6.5020751953125
7.0,6.716347932815552
7.0,6.769237041473389
7.0,7.0884504318237305
7.0,6.619446039199829
7.0,6.643219947814941
7.0,6.524869441986084
7.0,6.518851280212402
7.0,6.498461008071899
7.0,6.6158435344696045
7.0,6.698882341384888
7.0,6.754228115081787
7.0,6.698368549346924
7.0,6.651778936386108
7.0,6.03711462020874
7.0,6.096988916397095
7.0,6.030158519744873
7.0,6.0620856285095215
7.0,6.071303367614746
7.0,6.1194846630096436
7.0,6.146274566650391
7.0,6.140028715133667
7.0,6.074072360992432
7.0,6.078000545501709
7.0,6.003891468048096
7.0,5.991334915161133
7.0,5.947068691253662
7.0,5.951197862625122
7.0,6.05967378616333
7.0,6.00870418548584
7.0,6.045251131057739
7.0,6.004511594772339
7.0,6.213425636291504
7.0,6.148163080215454
7.0,5.973624229431152
7.0,6.019159555435181
7.0,5.945492267608643
7.0,6.133543014526367
7.0,6.026656150817871
7.0,6.177292346954346
7.0,6.018205404281616
7.0,6.094511032104492
7.0,5.99247145652771
7.0,6.170287847518921
7.0,6.11289644241333
7.0,6.128319501876831
7.0,6.002800941467285
7.0,6.0718255043029785
7.0,6.172926902770996
7.0,6.0643017292022705
7.0,6.063308477401733
7.0,6.13108491897583
7.0,6.188887596130371
7.0,6.017263889312744
7.0,6.1579413414001465
7.0,5.970460414886475
7.0,6.062884330749512
7.0,6.426074743270874
7.0,6.050994396209717
7.0,5.942297697067261
7.0,6.147358655929565
7.0,6.1034910678863525
7.0,6.000792026519775
7.0,5.990732431411743
7.0,5.964816093444824
7.0,6.100132703781128
7.0,6.0116188526153564
7.0,6.074460029602051
7.0,6.107497930526733
7.0,6.107266187667847
7.0,6.1435723304748535
7.0,6.13083291053772
7.0,6.149346351623535
7.0,6.050076961517334
7.0,5.972820520401001
7.0,6.007559537887573
7.0,6.092654705047607
7.0,6.174529314041138
7.0,5.984467267990112
7.0,6.0094313621521
7.0,6.122479677200317
7.0,6.051128149032593
7.0,6.979957580566406
7.0,6.56582236289978
7.0,6.743446111679077
7.0,6.060689687728882
7.0,5.985093116760254
7.0,5.898796796798706
7.0,6.129943132400513
7.0,6.0419394969940186
7.0,6.4259021282196045
7.0,6.491586208343506
7.0,5.95383358001709
7.0,6.129248380661011
7.0,6.051926612854004
7.0,5.9493725299835205
7.0,6.144964933395386
7.0,6.0928637981414795
7.0,6.079955339431763
7.0,6.111435651779175
7.0,6.0564024448394775
7.0,6.116861820220947
7.0,6.106045722961426
7.0,6.0186169147491455
7.0,5.998487234115601
7.0,6.148821830749512
7.0,6.017211198806763
7.0,6.019042015075684
7.0,6.04839015007019
7.0,5.944807291030884
7.0,6.109439134597778
7.0,6.397527694702148
7.0,6.011706590652466
7.0,6.189198732376099
7.0,6.068223476409912
7.0,6.066843032836914
7.0,5.927404165267944
7.0,5.99677300453186
7.0,6.155649662017822
7.0,5.96143651008606
7.0,6.064054727554321
7.0,6.02447772026062
7.0,6.042330741882324
7.0,6.154472827911377
7.0,5.9896955490112305
7.0,6.039139747619629
7.0,6.102118015289307
7.0,6.00856614112854
7.0,6.025452375411987
7.0,6.121418237686157
7.0,5.9881415367126465
7.0,6.0635175704956055
7.0,6.255899667739868
7.0,6.15797758102417
7.0,6.1373186111450195
7.0,6.055790662765503
7.0,5.92885947227478
7.0,5.968738317489624
7.0,6.1132285594940186
7.0,6.1246161460876465
7.0,6.143758296966553
7.0,6.0458760261535645
7.0,6.085045099258423
7.0,6.1572184562683105
7.0,6.125882387161255
7.0,6.132565498352051
7.0,6.0156636238098145
7.0,5.997023582458496
7.0,6.213710784912109
7.0,6.136331081390381
7.0,6.06661319732666
7.0,5.969336748123169
7.0,6.0943262577056885
7.0,6.185777425765991
7.0,6.083900213241577
7.0,6.04055118560791
7.0,6.059072732925415
7.0,5.98650860786438
7.0,6.093987226486206
7.0,6.096487283706665
7.0,5.9550557136535645
7.0,6.067101240158081
7.0,6.004069805145264
7.0,6.047693252563477
7.0,6.143193960189819
7.0,6.144622325897217
7.0,6.017104387283325
7.0,5.996264219284058
7.0,6.001951694488525
7.0,5.949450254440308
7.0,5.986288785934448
7.0,6.123183488845825
7.0,5.96020245552063
7.0,5.933896064758301
7.0,6.000107288360596
7.0,6.149580001831055
7.0,6.145091772079468
7.0,5.9705493450164795
7.0,6.001532554626465
7.0,5.99857759475708
7.0,6.157936096191406
7.0,6.003859996795654
7.0,6.107244253158569
7.0,6.060527086257935
7.0,6.163605451583862
7.0,6.073156833648682
7.0,5.978792667388916
7.0,6.080270051956177
7.0,5.999998569488525
7.0,6.006467819213867
7.0,5.993465185165405
7.0,5.950100421905518
7.0,6.089317321777344
7.0,5.986446380615234
7.0,5.998543977737427
7.0,6.1421732902526855
7.0,6.283102035522461
7.0,6.140473365783691
7.0,6.123275518417358
7.0,6.071906805038452
7.0,6.063923358917236
7.0,6.220961093902588
7.0,6.177088975906372
7.0,6.070234775543213
7.0,6.133661508560181
7.0,6.052679061889648
7.0,6.040724515914917
7.0,6.50048303604126
7.0,6.026888608932495
7.0,6.115523815155029
7.0,6.136328220367432
7.0,6.121673345565796
7.0,6.067479610443115
7.0,6.0128889083862305
7.0,5.930402040481567
7.0,6.191113710403442
7.0,6.075601100921631
7.0,6.058102130889893
7.0,6.5986011028289795
7.0,5.993581533432007
7.0,6.059393405914307
7.0,6.118789434432983
7.0,6.014297246932983
7.0,6.110466480255127
7.0,5.9732139110565186
7.0,6.054950714111328
7.0,6.472374439239502
7.0,5.927994012832642
7.0,6.041236400604248
7.0,6.05807900428772
7.0,6.0836732387542725
7.0,6.1223719120025635
7.0,6.136776685714722
7.0,6.116984844207764
7.0,6.001389503479004
7.0,6.07911229133606
7.0,6.034778594970703
7.0,6.050919055938721
7.0,6.091350555419922
7.0,6.040064811706543
7.0,6.046759366989136
7.0,6.4397430419921875
7.0,6.279573440551758
7.0,6.010753870010376
7.0,6.122815132141113
7.0,6.093416213989258
7.0,5.9493677616119385
7.0,6.173884391784668
7.0,6.02780818939209
7.0,6.00226902961731
7.0,6.072125673294067
7.0,5.997074842453003
7.0,6.043537139892578
7.0,6.139502048492432
7.0,6.048214435577393
7.0,6.25780725479126
7.0,6.053097486495972
7.0,6.034115314483643
7.0,6.126485347747803
7.0,5.9782750606536865
7.0,6.004088640213013
7.0,6.0246922969818115
7.0,5.985304594039917
7.0,6.117044448852539
7.0,6.096850633621216
7.0,6.074920415878296
7.0,6.164048910140991
7.0,6.092693567276001
7.0,6.097358226776123
7.0,6.1258556842803955
7.0,6.147742986679077
7.0,6.153003215789795
7.0,6.086199998855591
7.0,6.171050548553467
7.0,6.079340696334839
7.0,6.054626226425171
7.0,6.001510381698608
7.0,6.082515716552734
7.0,6.0673558712005615
7.0,6.038636922836304
7.0,6.082099914550781
7.0,6.003818035125732
7.0,5.943726301193237
7.0,6.028380632400513
7.0,6.14592170715332
7.0,6.073459625244141
7.0,6.228200674057007
7.0,6.014147758483887
7.0,6.0509192943573
7.0,6.191800117492676
7.0,6.031727075576782
7.0,6.065473318099976
7.0,6.018383264541626
7.0,6.061777830123901
7.0,6.003463506698608
7.0,6.017413854598999
7.0,5.84735369682312
7.0,5.945575714111328
7.0,6.159804344177246
7.0,6.0199315547943115
7.0,6.054644823074341
7.0,6.075692892074585
7.0,6.129841566085815
7.0,5.919338703155518
7.0,6.015201091766357
7.0,6.1739630699157715
7.0,6.1098668575286865
7.0,6.021367311477661
7.0,5.963028907775879
7.0,5.893195390701294
7.0,5.9877660274505615
7.0,6.042929172515869
7.0,6.330833435058594
7.0,6.013424396514893
7.0,5.9612250328063965
7.0,6.088332414627075
7.0,6.154867172241211
7.0,6.013416051864624
7.0,6.112607955932617
7.0,6.086607933044434
7.0,6.055453062057495
7.0,6.070763111114502
7.0,6.018383979797363
7.0,5.970775365829468
7.0,6.129808664321899
7.0,6.032557249069214
7.0,6.087123394012451
7.0,6.007339000701904
7.0,6.042995929718018
7.0,6.149961948394775
7.0,5.994130611419678
7.0,6.014761209487915
7.0,6.014667987823486
7.0,6.015837669372559
7.0,6.064523696899414
7.0,5.959688901901245
7.0,5.909188747406006
7.0,6.099075078964233
7.0,6.0082926750183105
7.0,6.147608995437622
7.0,5.948894023895264
7.0,6.004079103469849
7.0,5.965123891830444
7.0,6.080693960189819
7.0,6.084334373474121
7.0,6.072488784790039
7.0,5.997768402099609
7.0,6.099559783935547
7.0,6.12467360496521
7.0,6.148325681686401
7.0,6.072870492935181
7.0,6.251446008682251
7.0,6.523346900939941
7.0,6.591702938079834
7.0,6.145356893539429
7.0,6.023214817047119
7.0,6.162808656692505
7.0,6.094096899032593
7.0,6.040538787841797
7.0,6.049630641937256
7.0,6.087951898574829
7.0,6.058868646621704
7.0,6.096293210983276
7.0,6.1716392040252686
7.0,6.0810840129852295
7.0,6.029736757278442
7.0,6.030991792678833
7.0,6.118339776992798
7.0,6.15282678604126
7.0,6.148452281951904
7.0,6.0274598598480225
7.0,6.050609827041626
7.0,6.6411731243133545
7.0,6.463409423828125
7.0,5.934832572937012
7.0,5.985413312911987
7.0,6.122917175292969
7.0,6.1777873039245605
7.0,5.968166828155518
7.0,5.872666597366333
7.0,6.1093058586120605
7.0,6.064427852630615
7.0,6.089749574661255
7.0,6.106468439102173
7.0,6.17816424369812
7.0,5.917742729187012
7.0,6.023608446121216
7.0,6.138496398925781
7.0,6.037327527999878
7.0,6.040642499923706
7.0,6.150359392166138
7.0,6.067185640335083
7.0,6.121575593948364
7.0,5.988781213760376
7.0,6.102459907531738
7.0,6.188901662826538
7.0,6.058210849761963
7.0,6.106725692749023
7.0,6.094366788864136
7.0,6.0208423137664795
7.0,6.126603126525879
7.0,5.887455463409424
7.0,6.056454420089722
7.0,6.155413389205933
7.0,6.043292045593262
7.0,6.150143384933472
7.0,6.193751573562622
7.0,6.025081396102905
7.0,6.332890033721924
7.0,5.9885876178741455
7.0,6.037322521209717
7.0,6.057968616485596
7.0,5.888240098953247
7.0,5.860130786895752
7.0,6.070414066314697
7.0,5.998917102813721
7.0,6.098452568054199
7.0,6.0320141315460205
7.0,6.128466606140137
7.0,6.146899938583374
7.0,6.100445985794067
7.0,6.046439170837402
7.0,6.178500175476074
7.0,6.239873170852661
7.0,6.562431573867798
7.0,6.263633966445923
7.0,6.025590181350708
7.0,6.034111499786377
7.0,6.053190231323242
7.0,6.1540281772613525
7.0,6.158107757568359
7.0,6.113820791244507
7.0,6.156610012054443
7.0,6.020510196685791
7.0,5.936696529388428
7.0,6.01040244102478
7.0,6.080176591873169
7.0,6.1734113693237305
7.0,6.032799005508423
7.0,6.188654899597168
7.0,6.5780346393585205
7.0,6.099868297576904
7.0,6.118676424026489
7.0,6.093835830688477
7.0,5.99284029006958
7.0,6.108282566070557
7.0,6.106652498245239
7.0,6.164889574050903
7.0,6.088452339172363
7.0,5.9977593421936035
7.0,6.094685792922974
7.0,6.087877511978149
7.0,6.068006753921509
7.0,6.058724641799927
7.0,6.146508455276489
7.0,6.087510347366333
7.0,6.256243705749512
7.0,5.897078514099121
7.0,6.0376667976379395
7.0,5.939054012298584
7.0,6.093615770339966
7.0,5.8497161865234375
7.0,6.00220799446106
7.0,5.972167253494263
7.0,6.153811454772949
7.0,6.212402820587158
7.0,6.144430637359619
7.0,6.02468729019165
7.0,6.088721036911011
7.0,6.023839950561523
7.0,6.167377471923828
7.0,6.126873970031738
7.0,6.0597312450408936
7.0,6.060728549957275
7.0,6.210519790649414
7.0,6.088773012161255
7.0,6.047500371932983
7.0,6.074137210845947
7.0,6.121806621551514
7.0,6.172407388687134
7.0,6.0640058517456055
7.0,6.077101707458496
7.0,6.099097490310669
7.0,6.039636135101318
7.0,6.182283639907837
7.0,6.556522846221924
7.0,6.010130882263184
7.0,5.969034194946289
7.0,6.070577144622803
7.0,6.154474258422852
7.0,6.195460557937622
7.0,5.967532157897949
7.0,6.024577617645264
7.0,6.217957019805908
7.0,6.03554630279541
7.0,6.000105381011963
7.0,6.180039882659912
7.0,6.267610549926758
7.0,6.142816543579102
7.0,6.001136302947998
7.0,6.0477614402771
7.0,6.068187713623047
7.0,6.171951532363892
7.0,5.959156274795532
7.0,5.950768232345581
7.0,5.965944528579712
7.0,6.284548282623291
7.0,6.0078065395355225
7.0,5.975729942321777
7.0,6.0352818965911865
7.0,6.041510343551636
7.0,6.1571221351623535
7.0,6.068176507949829
7.0,6.135296821594238
7.0,6.043986558914185
7.0,6.081540584564209
7.0,6.404312610626221
7.0,6.131946563720703
7.0,6.077158451080322
7.0,6.0886571407318115
7.0,6.162825584411621
7.0,6.034112930297852
7.0,5.977756977081299
7.0,6.015815258026123
7.0,6.128261089324951
7.0,6.082804918289185
7.0,6.007297039031982
7.0,5.958378553390503
7.0,6.071487665176392
7.0,6.0132153034210205
7.0,6.084006309509277
7.0,6.099600791931152
7.0,6.06326699256897
7.0,6.03741979598999
7.0,6.186264276504517
7.0,5.929559230804443
7.0,5.984011650085449
7.0,6.105476379394531
7.0,6.081156969070435
7.0,6.066350698471069
7.0,6.094099283218384
7.0,5.984633207321167
7.0,6.031519174575806
7.0,6.001521825790405
7.0,5.958578824996948
7.0,6.106749057769775
7.0,6.0598204135894775
7.0,6.141746759414673
7.0,6.048397064208984
7.0,6.1779961585998535
7.0,6.029343843460083
7.0,6.114752292633057
7.0,6.049438714981079
7.0,6.09647798538208
7.0,5.963007926940918
7.0,6.094102144241333
7.0,5.954937219619751
7.0,6.096585512161255
7.0,5.927556991577148
7.0,6.058287858963013
7.0,6.016697406768799
7.0,6.023653507232666
7.0,6.00752854347229
7.0,6.128609895706177
7.0,6.123830795288086
7.0,6.038863658905029
7.0,6.104201316833496
7.0,6.389403581619263
7.0,6.087641954421997
7.0,5.889249324798584
7.0,6.10466742515564
7.0,6.036602020263672
7.0,6.0357890129089355
7.0,6.092660665512085
7.0,6.0966956615448
7.0,6.092066764831543
7.0,5.894331455230713
7.0,6.022315979003906
7.0,6.096822738647461
7.0,5.906533479690552
7.0,6.11354923248291
7.0,5.95354151725769
7.0,6.175928831100464
7.0,6.530583620071411
7.0,6.123840570449829
7.0,6.099870443344116
7.0,6.170428514480591
7.0,5.982986211776733
7.0,6.1420464515686035
7.0,6.086339235305786
7.0,6.144327640533447
7.0,6.122560501098633
7.0,5.983027935028076
7.0,6.065434694290161
7.0,6.101556062698364
7.0,6.195045471191406
7.0,5.971291542053223
7.0,6.273915767669678
7.0,6.118037223815918
7.0,6.124382495880127
7.0,6.0378196239471436
7.0,6.063766956329346
7.0,6.164487600326538
7.0,6.157468795776367
7.0,6.024374961853027
7.0,6.023390531539917
7.0,5.919606924057007
7.0,5.994248867034912
7.0,6.125548362731934
7.0,6.125522613525391
7.0,6.501176357269287
7.0,6.068956136703491
7.0,6.031516790390015
7.0,5.967395544052124
7.0,6.021377801895142
7.0,6.138925313949585
7.0,5.98827862739563
7.0,6.10330057144165
7.0,6.151140213012695
7.0,6.017508029937744
7.0,5.997129201889038
7.0,6.085266828536987
7.0,6.016910791397095
7.0,6.035984039306641
7.0,5.901410341262817
7.0,6.109085321426392
7.0,6.076007843017578
7.0,5.94432806968689
7.0,6.112193822860718
7.0,6.12443470954895
7.0,6.036159515380859
7.0,6.090855836868286
7.0,6.196143865585327
7.0,6.1009886264801025
7.0,6.038477420806885
7.0,6.201126337051392
7.0,6.159938097000122
7.0,6.207027435302734
7.0,6.077218055725098
7.0,5.994084119796753
7.0,6.344993591308594
7.0,5.941597938537598
7.0,5.943253993988037
7.0,5.9736387729644775
7.0,5.933011293411255
7.0,6.035217523574829
7.0,6.110468626022339
7.0,6.079685688018799
7.0,6.117042779922485
7.0,6.3663856983184814
7.0,5.9363555908203125
7.0,5.913391590118408
7.0,6.100884914398193
7.0,6.034391403198242
7.0,6.0643229484558105
7.0,6.091952800750732
7.0,6.084541320800781
7.0,5.999177932739258
7.0,5.976812362670898
7.0,6.346867561340332
7.0,6.067795276641846
7.0,6.425987958908081
7.0,6.0430731773376465
7.0,6.147900342941284
7.0,6.127746343612671
7.0,6.123463869094849
7.0,6.1615142822265625
7.0,6.148319482803345
7.0,6.117495059967041
7.0,6.029319524765015
7.0,6.029466867446899
7.0,6.19696307182312
7.0,6.037607669830322
7.0,5.89833664894104
7.0,6.017370700836182
7.0,6.07539439201355
7.0,6.056340932846069
7.0,6.059323310852051
7.0,6.102541446685791
7.0,6.131829738616943
7.0,6.145879030227661
7.0,6.194299936294556
7.0,6.29137396812439
7.0,6.128662824630737
7.0,5.922870397567749
7.0,6.092088937759399
7.0,6.079118490219116
7.0,6.157907485961914
7.0,6.119570016860962
7.0,6.091995477676392
7.0,6.112349033355713
7.0,6.028198719024658
7.0,6.095491647720337
7.0,6.685196399688721
7.0,6.067748546600342
7.0,6.099213361740112
7.0,6.1092529296875
7.0,6.008567571640015
7.0,6.012062072753906
7.0,6.046284198760986
7.0,6.064363241195679
7.0,6.019134998321533
7.0,6.1264543533325195
7.0,6.029221057891846
7.0,6.045380592346191
7.0,6.033554315567017
7.0,6.079228401184082
7.0,5.965134859085083
7.0,5.978457927703857
7.0,5.970606565475464
7.0,6.359030723571777
7.0,6.154031276702881
7.0,6.050976753234863
7.0,6.013234615325928
7.0,6.146780729293823
7.0,6.005171775817871
7.0,6.024486780166626
7.0,6.108328580856323
7.0,5.995283365249634
7.0,6.09181547164917
7.0,6.139576435089111
7.0,6.17378830909729
7.0,6.022697448730469
7.0,6.058857440948486
7.0,6.0129876136779785
7.0,6.054550409317017
7.0,6.079030513763428
7.0,6.081099510192871
7.0,6.0492103099823
7.0,6.154826402664185
7.0,6.121049642562866
7.0,6.016126394271851
7.0,6.005354404449463
7.0,6.110247850418091
7.0,6.133866786956787
7.0,6.098611354827881
7.0,6.090776443481445
7.0,5.974578142166138
7.0,5.935690879821777
7.0,6.051537275314331
7.0,5.997288942337036
7.0,6.072819232940674
7.0,6.040600061416626
7.0,6.049939870834351
7.0,6.111759424209595
7.0,5.963439226150513
7.0,6.168330192565918
7.0,6.046842098236084
7.0,6.151658535003662
7.0,6.089756011962891
7.0,6.022079706192017
7.0,5.952821254730225
7.0,6.0680859088897705
7.0,5.966942071914673
7.0,5.973539113998413
7.0,6.209534406661987
7.0,6.171494960784912
7.0,6.0441906452178955
7.0,6.10576057434082
7.0,6.055478811264038
7.0,6.017828941345215
7.0,6.109761476516724
7.0,6.114532470703125
7.0,6.069860458374023
7.0,5.985738277435303
7.0,6.15632963180542
7.0,6.1274731159210205
7.0,6.083629608154297
7.0,6.056203842163086
7.0,5.953681468963623
7.0,5.961101531982422
7.0,5.984442710876465
7.0,6.228346824645996
7.0,6.111451625823975
7.0,6.421252727508545
7.0,6.03235650062561
7.0,6.0473246574401855
7.0,6.081096649169922
7.0,6.1036858558654785
7.0,5.951275825500488
7.0,6.008764743804932
7.0,6.09699010848999
7.0,6.002575159072876
7.0,5.9626758098602295
7.0,5.983141660690308
7.0,6.096492767333984
7.0,6.03759765625
7.0,6.019100189208984
7.0,6.121899604797363
7.0,6.067495822906494
7.0,5.9963836669921875
7.0,6.097690582275391
7.0,5.932250738143921
7.0,6.116854667663574
7.0,6.06662654876709
7.0,6.0243120193481445
7.0,6.130492210388184
7.0,6.011842489242554
7.0,6.148195505142212
7.0,6.077876091003418
7.0,6.2084105014801025
7.0,6.021995306015015
7.0,6.032816648483276
7.0,5.958247184753418
7.0,6.116098642349243
7.0,5.918182611465454
7.0,6.005113124847412
7.0,5.978208780288696
7.0,6.018362045288086
7.0,6.1061787605285645
7.0,6.040319919586182
7.0,5.8904500007629395
7.0,6.008241653442383
7.0,5.924141883850098
7.0,6.132366895675659
7.0,5.997760772705078
7.0,5.950860023498535
7.0,6.042555332183838
7.0,6.339709043502808
7.0,6.1130452156066895
7.0,6.140662908554077
7.0,6.018039226531982
7.0,6.049842834472656
7.0,5.942997694015503
7.0,6.022726535797119
7.0,5.9990620613098145
7.0,6.025076150894165
7.0,6.010358095169067
7.0,5.985572338104248
7.0,6.029823064804077
7.0,5.963009357452393
7.0,6.075645923614502
7.0,6.063999652862549
7.0,6.10231614112854
7.0,6.132737159729004
7.0,5.981829404830933
7.0,6.166222810745239
7.0,6.091465711593628
7.0,6.145567893981934
7.0,6.116308689117432
7.0,6.0929059982299805
7.0,6.060117244720459
7.0,6.035798072814941
7.0,6.083965063095093
7.0,6.005742788314819
7.0,6.03534722328186
7.0,6.072183609008789
7.0,6.0713489055633545
7.0,6.180471658706665
7.0,5.9719274044036865
7.0,5.9829113483428955
7.0,6.1615309715271
7.0,6.2520081996917725
7.0,6.095360517501831
7.0,6.079747676849365
7.0,6.13287878036499
7.0,6.162644624710083
7.0,5.971405267715454
7.0,6.13925576210022
7.0,6.005846977233887
7.0,6.14226508140564
7.0,5.96434473991394
7.0,6.059388875961304
7.0,6.170269250869751
7.0,6.116059303283691
7.0,6.072572231292725
7.0,5.994139194488525
7.0,6.044624090194702
7.0,6.075465440750122
7.0,5.973613023757935
7.0,6.089372873306274
7.0,6.156266689300537
7.0,6.07828688621521
7.0,6.105174779891968
7.0,6.1840620040893555
7.0,6.171200752258301
7.0,6.154508352279663
7.0,6.198585748672485
7.0,6.063352584838867
7.0,5.9436562061309814
7.0,6.025073289871216
7.0,6.036785125732422
7.0,6.111759424209595
7.0,6.154442071914673
7.0,6.055253505706787
7.0,6.239026069641113
7.0,6.057898283004761
7.0,6.076040983200073
7.0,6.080307245254517
7.0,6.086962461471558
7.0,6.094131231307983
7.0,6.130618095397949
7.0,6.003976345062256
7.0,6.1333372592926025
7.0,6.155083656311035
7.0,6.089915037155151
7.0,6.119710922241211
7.0,6.171180963516235
7.0,6.159017324447632
7.0,6.212890625
7.0,6.057717323303223
7.0,6.017177581787109
7.0,6.097363710403442
7.0,6.068077325820923
7.0,6.040991306304932
7.0,6.049222946166992
7.0,6.10759425163269
7.0,6.178083181381226
7.0,6.122366428375244
7.0,6.0166542530059814
7.0,6.022805213928223
7.0,6.146908283233643
7.0,6.090217351913452
7.0,6.0567779541015625
7.0,6.099264860153198
7.0,6.118156909942627
7.0,5.978346347808838
7.0,7.170666694641113
7.0,6.123514890670776
7.0,6.065761089324951
7.0,6.123953104019165
7.0,6.07512903213501
7.0,6.165010452270508
7.0,6.034369468688965
7.0,6.075740575790405
7.0,6.115880250930786
7.0,6.112706661224365
7.0,6.0065858364105225
7.0,6.1238625049591064
7.0,6.119823694229126
7.0,6.10978627204895
7.0,6.136916160583496
7.0,5.9811975955963135
7.0,6.073743104934692
7.0,6.107258558273315
7.0,5.933450698852539
7.0,6.224704027175903
7.0,6.137924909591675
7.0,6.14017128944397
7.0,6.018251895904541
7.0,6.100223541259766
7.0,6.238262414932251
7.0,6.12070369720459
7.0,6.0508873462677
7.0,6.068559885025024
7.0,6.002228736877441
7.0,5.966193914413452
7.0,6.1734778881073
7.0,5.954845666885376
7.0,6.064568519592285
7.0,5.974807977676392
7.0,6.0709710121154785
7.0,6.008904695510864
7.0,6.039419412612915
7.0,6.101077556610107
7.0,6.018404483795166
7.0,6.049383640289307
7.0,6.0119829177856445
7.0,6.176908731460571
7.0,6.02405047416687
7.0,6.079599142074585
7.0,6.097375154495239
7.0,6.064437389373779
7.0,6.108783960342407
7.0,6.030926704406738
7.0,5.900970220565796
7.0,6.019556999206543
7.0,6.14498496055603
7.0,6.094205379486084
7.0,6.163555860519409
7.0,5.982301712036133
7.0,6.075917720794678
7.0,6.010309219360352
7.0,6.130115509033203
7.0,6.010910272598267
7.0,6.153644323348999
7.0,6.094616889953613
7.0,5.987436532974243
7.0,6.017130374908447
7.0,6.054485559463501
7.0,6.131753444671631
7.0,6.139166593551636
7.0,5.981875419616699
7.0,6.203328847885132
7.0,6.1839704513549805
7.0,6.134975910186768
7.0,6.0124101638793945
7.0,5.964351415634155
7.0,5.928636789321899
7.0,5.959782838821411
7.0,5.967614650726318
7.0,6.000448226928711
7.0,6.142314672470093
7.0,6.007131814956665
7.0,5.960317134857178
7.0,6.11515998840332
7.0,5.974708318710327
7.0,6.110452890396118
7.0,6.0586700439453125
7.0,6.136815547943115
7.0,6.071809530258179
7.0,6.116411924362183
7.0,5.903747797012329
7.0,5.984649896621704
7.0,6.038906097412109
7.0,6.0172247886657715
7.0,5.932857275009155
7.0,5.976961135864258
7.0,6.142755746841431
7.0,6.056318283081055
7.0,6.057595252990723
7.0,5.955798864364624
7.0,6.124504327774048
7.0,5.951378107070923
7.0,6.015222549438477
7.0,6.091875791549683
7.0,6.062378883361816
7.0,6.08721661567688
7.0,5.978190660476685
7.0,6.171777248382568
7.0,6.0020246505737305
7.0,6.06154727935791
7.0,6.035931825637817
7.0,6.008686304092407
7.0,6.050275087356567
7.0,6.013076305389404
7.0,6.590352773666382
7.0,6.0381293296813965
7.0,6.618664026260376
7.0,6.2471764087677
7.0,6.02668571472168
7.0,6.042706489562988
7.0,6.25594162940979
7.0,6.176554203033447
7.0,5.9665443897247314
7.0,6.451758623123169
7.0,6.050280570983887
7.0,6.0826096534729
7.0,5.977736949920654
7.0,6.2644712924957275
7.0,6.040170192718506
7.0,6.074972152709961
7.0,5.99604058265686
7.0,6.014269828796387
7.0,6.119096994400024
7.0,6.117002010345459
7.0,6.386669158935547
7.0,6.077552318572998
7.0,6.319475889205933
7.0,6.290893793106079
7.0,6.010714054107666
7.0,5.969226598739624
7.0,6.062891006469727
7.0,6.1918885707855225
7.0,6.123080015182495
7.0,6.019781827926636
7.0,6.064587116241455
7.0,5.96941614151001
7.0,6.005535840988159
7.0,6.046783447265625
7.0,6.0140321254730225
7.0,6.169879674911499
7.0,6.095841884613037
7.0,6.087034463882446
7.0,5.971888780593872
7.0,6.18384861946106
7.0,6.04569935798645
7.0,6.027581214904785
7.0,6.120377063751221
7.0,6.157425880432129
7.0,6.05919075012207
7.0,6.04131293296814
7.0,6.1053032875061035
7.0,6.168048620223999
7.0,5.976473808288574
7.0,6.1087446212768555
7.0,6.074273347854614
7.0,6.033703565597534
7.0,6.053073167800903
7.0,5.973308801651001
7.0,6.023058176040649
7.0,6.0581536293029785
7.0,6.071196794509888
7.0,6.116559267044067
7.0,6.07001519203186
7.0,6.076618909835815
7.0,5.967989921569824
7.0,6.099663496017456
7.0,6.137339115142822
7.0,6.10902738571167
7.0,5.990826606750488
7.0,6.069396734237671
7.0,6.053130149841309
7.0,6.022466421127319
7.0,6.08708119392395
7.0,6.03062629699707
7.0,6.072382926940918
7.0,6.089405536651611
7.0,6.010239601135254
7.0,5.960685729980469
7.0,6.054638862609863
7.0,6.092981815338135
7.0,6.0658345222473145
7.0,6.398611545562744
7.0,6.0874505043029785
7.0,6.094177722930908
7.0,6.150716304779053
7.0,5.989820718765259
7.0,6.1419525146484375
7.0,6.056100606918335
7.0,6.088472604751587
7.0,6.096730709075928
7.0,6.104482889175415
7.0,5.978650331497192
7.0,6.075021505355835
7.0,5.954201936721802
7.0,6.012465000152588
7.0,6.037903070449829
7.0,6.019067287445068
7.0,6.131384611129761
7.0,6.100884675979614
7.0,6.173663854598999
7.0,6.003284454345703
7.0,6.058002710342407
7.0,6.028654336929321
7.0,6.070120573043823
7.0,6.144930601119995
7.0,6.1365509033203125
7.0,6.0613179206848145
7.0,5.975529193878174
7.0,6.151927709579468
7.0,6.09687352180481
7.0,6.045527458190918
7.0,6.097235441207886
7.0,6.024735450744629
7.0,6.110766649246216
7.0,6.096669912338257
7.0,6.397862434387207
7.0,6.091367244720459
7.0,6.001192808151245
7.0,6.129617929458618
7.0,5.999602556228638
7.0,6.130791902542114
7.0,6.116753339767456
7.0,6.04196572303772
7.0,6.071300506591797
7.0,6.0932488441467285
7.0,6.145702123641968
7.0,6.039655685424805
7.0,6.102226495742798
7.0,6.123464345932007
7.0,6.009021043777466
7.0,5.982222318649292
7.0,6.093395709991455
7.0,6.030292987823486
7.0,6.190938711166382
7.0,6.0484089851379395
7.0,6.009102821350098
7.0,6.142901182174683
7.0,6.12939190864563
7.0,6.153032541275024
7.0,6.094706773757935
7.0,6.0357654094696045
7.0,6.050116539001465
7.0,6.0043768882751465
7.0,6.120807886123657
7.0,6.075541973114014
7.0,5.990483999252319
7.0,6.097156524658203
7.0,6.112584114074707
7.0,6.100956678390503
7.0,6.1337504386901855
7.0,5.999465465545654
7.0,6.188979387283325
7.0,6.051801919937134
7.0,6.158260107040405
7.0,6.060145139694214
7.0,6.073977708816528
7.0,6.037495374679565
7.0,5.951720952987671
7.0,6.204034805297852
7.0,6.040008306503296
7.0,5.9398276805877686
7.0,5.924076318740845
7.0,6.007323503494263
7.0,6.102014780044556
7.0,6.084772825241089
7.0,6.038992404937744
7.0,6.091790676116943
7.0,6.100022077560425
7.0,6.197220325469971
7.0,6.097132682800293
7.0,6.050707578659058
7.0,6.043461084365845
7.0,6.0085060596466064
7.0,6.0516016483306885
7.0,6.001359462738037
7.0,6.108537912368774
7.0,6.086043834686279
7.0,6.080947160720825
7.0,6.136682510375977
7.0,6.084731817245483
7.0,6.054546117782593
7.0,6.043052911758423
7.0,6.05753755569458
7.0,5.999837636947632
7.0,5.99892783164978
7.0,5.993038892745972
7.0,5.986278772354126
7.0,6.068380117416382
7.0,6.250117301940918
7.0,6.048882722854614
7.0,6.015837669372559
7.0,6.212399244308472
7.0,5.969069480895996
7.0,5.979812383651733
7.0,6.028028964996338
7.0,6.130996942520142
7.0,6.119491815567017
7.0,6.150950908660889
7.0,6.114459753036499
7.0,6.139294147491455
7.0,6.158867120742798
7.0,6.00652551651001
7.0,6.131002187728882
7.0,6.212722539901733
7.0,6.022844076156616
7.0,6.089646100997925
7.0,6.0704264640808105
7.0,6.033727407455444
7.0,6.104144096374512
7.0,6.1817708015441895
7.0,6.176718711853027
7.0,6.127969980239868
7.0,5.919667720794678
7.0,6.014391899108887
7.0,6.0870208740234375
7.0,6.127033233642578
7.0,6.168992042541504
7.0,6.149783611297607
7.0,6.2167747020721436
7.0,6.087925910949707
7.0,6.163661241531372
7.0,6.049420356750488
7.0,6.038885116577148
7.0,6.1258544921875
7.0,6.136332750320435
7.0,5.9813010692596436
7.0,6.052929878234863
7.0,6.046983003616333
7.0,6.069096565246582
7.0,6.225566148757935
7.0,6.227589130401611
7.0,6.173423767089844
7.0,6.1320579051971436
7.0,6.147533893585205
7.0,6.141458749771118
7.0,6.061577558517456
7.0,6.095984697341919
7.0,6.11446213722229
7.0,6.090099096298218
7.0,6.046183824539185
7.0,6.326456546783447
7.0,6.091527700424194
7.0,6.210472345352173
7.0,6.13676905632019
7.0,6.080601453781128
7.0,6.014341831207275
7.0,6.1294591426849365
7.0,5.992247104644775
7.0,6.146825790405273
7.0,6.107958078384399
7.0,6.131067276000977
7.0,6.082555770874023
7.0,6.161819219589233
7.0,6.0006186962127686
7.0,6.009920358657837
7.0,6.008951663970947
7.0,6.04931902885437
7.0,6.133642196655273
7.0,6.114970445632935
7.0,6.172633171081543
7.0,6.00702977180481
7.0,6.140589714050293
7.0,6.050848484039307
7.0,6.081676721572876
7.0,6.05292534828186
7.0,6.150771617889404
7.0,6.1121742725372314
7.0,6.0145275592803955
7.0,6.207550287246704
7.0,6.103975534439087
7.0,6.07150936126709
7.0,6.111606597900391
7.0,6.185802698135376
7.0,6.03504204750061
7.0,6.116188049316406
7.0,6.1674113273620605
7.0,6.163381099700928
7.0,6.064806222915649
7.0,6.068262577056885
7.0,6.047468662261963
7.0,6.048319578170776
7.0,6.022066593170166
7.0,6.012023687362671
7.0,6.085232257843018
7.0,5.953492641448975
7.0,6.02838134765625
7.0,5.961252927780151
7.0,5.999817609786987
7.0,7.457231760025024
7.0,8.105216026306152
7.0,7.9440999031066895
7.0,8.679346084594727
7.0,7.628339767456055
7.0,7.725389003753662
7.0,8.180590867996216
7.0,8.582149505615234
7.0,8.127817392349243
7.0,7.196635723114014
7.0,7.7101099491119385
7.0,7.591999053955078
7.0,7.644269943237305
7.0,7.470147609710693
7.0,7.610527753829956
7.0,7.83575963973999
7.0,9.13463544845581
7.0,8.573560237884521
7.0,8.431299448013306
7.0,9.301904916763306
7.0,8.412199020385742
7.0,7.614483118057251
7.0,7.991581916809082
7.0,7.380047559738159
7.0,6.98248553276062
7.0,6.71194314956665
7.0,6.613997220993042
7.0,7.961712598800659
7.0,6.717644691467285
7.0,7.451467514038086
7.0,7.223078489303589
7.0,7.201993703842163
7.0,6.121849536895752
7.0,6.482414722442627
7.0,6.943687438964844
7.0,6.378633737564087
7.0,6.286627531051636
7.0,9.003683805465698
7.0,7.593304872512817
7.0,7.6915106773376465
7.0,7.019128799438477
7.0,6.490443706512451
7.0,7.098847389221191
7.0,7.308422327041626
7.0,7.34146523475647
7.0,8.712340831756592
7.0,8.61526608467102
7.0,7.318234920501709
7.0,7.166940212249756
7.0,7.156778812408447
7.0,7.040946006774902
7.0,7.465056657791138
7.0,6.315687894821167
7.0,7.079949140548706
7.0,6.9450366497039795
7.0,8.235373973846436
7.0,7.104619979858398
7.0,8.357925176620483
7.0,7.7159552574157715
7.0,7.086109399795532
7.0,6.2521350383758545
7.0,6.898434400558472
7.0,6.823575019836426
7.0,7.0507566928863525
7.0,7.7547032833099365
7.0,7.79046630859375
7.0,6.652822017669678
7.0,6.823536396026611
7.0,7.423367500305176
7.0,6.350965976715088
7.0,6.303494930267334
7.0,6.292541980743408
7.0,6.403953790664673
7.0,6.32844090461731
7.0,6.391884088516235
7.0,6.232959747314453
7.0,6.330962896347046
7.0,6.18018364906311
7.0,6.200349569320679
7.0,6.3462419509887695
7.0,6.2371985912323
7.0,6.385563135147095
7.0,6.07463264465332
7.0,6.449099540710449
7.0,6.225444078445435
7.0,6.215357542037964
7.0,6.449621677398682
7.0,6.1540045738220215
7.0,6.342353343963623
7.0,6.18339991569519
7.0,6.267899513244629
7.0,6.234424829483032
7.0,6.468593120574951
7.0,6.3719162940979
7.0,6.310324192047119
7.0,6.441525220870972
7.0,6.750019073486328
7.0,6.316906690597534
7.0,6.359616279602051
7.0,6.243510007858276
7.0,6.827460289001465
7.0,6.325547218322754
7.0,6.378801584243774
7.0,6.369152069091797
7.0,6.1656153202056885
7.0,6.169865846633911
7.0,6.238075256347656
7.0,6.3975183963775635
7.0,6.2898619174957275
7.0,6.26648473739624
7.0,6.270596027374268
7.0,6.096753358840942
7.0,6.1546525955200195
7.0,6.201480865478516
7.0,6.2039196491241455
7.0,6.167616844177246
7.0,6.423502683639526
7.0,6.955044984817505
7.0,7.111134767532349
7.0,6.463068962097168
7.0,6.323300361633301
7.0,7.432097911834717
7.0,6.368096113204956
7.0,6.213058948516846
7.0,7.180950880050659
7.0,6.143032073974609
7.0,6.089175701141357
7.0,6.335826635360718
7.0,7.5333545207977295
7.0,7.616008043289185
7.0,7.279272794723511
7.0,8.203455924987793
7.0,8.455263614654541
7.0,8.316737174987793
7.0,8.362493753433228
7.0,8.311109066009521
7.0,8.223057746887207
7.0,7.06367564201355
7.0,6.6444947719573975
7.0,6.498559474945068
